"mae","acf1","rmse","rmse_rounded"
1.5745169213727,0.0124522014302946,2.03992298851327,3.32204374702947
