"mae","acf1","rmse","rmse_rounded"
1.53654925696321,0.00976496500437576,1.9962868651696,3.33003510956448
