"mae","acf1","rmse"
1.6534994671538,0.0343266176171568,2.12973264212742
