"mae","acf1","rmse"
1.32428963357017,0.0352717736018621,1.73277372990534
